book	title
1	Ὁμήρου Ἰλιάς. Ῥαψῳδία Α.
2	Ὁμήρου Ἰλιάς. Ῥαψῳδία Β.
3	Ὁμήρου Ἰλιάς. Ῥαψῳδία Γ.
4	Ὁμήρου Ἰλιάς. Ῥαψῳδία Δ.
5	Ὁμήρου Ἰλιάς. Ῥαψῳδία Ε.
6	Ὁμήρου Ἰλιάς. Ῥαψῳδία Ζ.
7	Ὁμήρου Ἰλιάς. Ῥαψῳδία Η.
8	Ὁμήρου Ἰλιάς. Ῥαψῳδία Θ.
9	Ὁμήρου Ἰλιάς. Ῥαψῳδία Ι.
10	Ὁμήρου Ἰλιάς. Ῥαψῳδία Κ.
11	Ὁμήρου Ἰλιάς. Ῥαψῳδία Λ.
12	Ὁμήρου Ἰλιάς. Ῥαψῳδία Μ.
13	Ὁμήρου Ἰλιάς. Ῥαψῳδία Ν.
14	Ὁμήρου Ἰλιάς. Ῥαψῳδία Ξ.
15	Ὁμήρου Ἰλιάς. Ῥαψῳδία Ο.
16	Ὁμήρου Ἰλιάς. Ῥαψῳδία Π.
17	Ὁμήρου Ἰλιάς. Ῥαψῳδία Ρ.
18	Ὁμήρου Ἰλιάς. Ῥαψῳδία Σ.
19	Ὁμήρου Ἰλιάς. Ῥαψῳδία Τ.
20	Ὁμήρου Ἰλιάς. Ῥαψῳδία Υ.
21	Ὁμήρου Ἰλιάς. Ῥαψῳδία Φ.
22	Ὁμήρου Ἰλιάς. Ῥαψῳδία Χ.
23	Ὁμήρου Ἰλιάς. Ῥαψῳδία Ψ.
24	Ὁμήρου Ἰλιάς. Ῥαψῳδία Ω.
